id,patientId,doctorId,date,time
1,1,1,2025-01-10,10:00
2,2,3,2025-01-11,12:30
3,3,2,2025-01-13,09:15
4,4,9,2025-01-14,11:00
5,5,5,2025-01-14,14:45
6,6,8,2025-01-15,16:00
7,7,6,2025-01-16,10:30
8,8,4,2025-01-16,13:00
9,9,7,2025-01-17,09:45
10,10,1,2025-01-17,15:20
11,11,12,2025-01-18,11:10
12,12,10,2025-01-18,12:00
13,13,6,2025-01-19,10:15
14,14,3,2025-01-19,14:00
15,15,11,2025-01-20,09:00
16,16,2,2025-01-20,10:30
17,17,5,2025-01-21,11:45
18,18,9,2025-01-21,12:30
19,19,8,2025-01-22,15:00
20,20,4,2025-01-22,16:30
21,21,1,2025-01-23,09:20
22,22,3,2025-01-23,13:30
23,23,9,2025-01-24,10:20
24,24,7,2025-01-24,14:50
25,25,2,2025-01-25,11:40
26,26,5,2025-01-26,10:00
27,27,14,2025-01-26,12:10
28,28,17,2025-01-27,15:30
29,29,10,2025-01-27,09:45
30,30,11,2025-01-28,16:20
31,31,13,2025-01-28,11:10
32,32,20,2025-01-29,13:40
33,33,15,2025-01-29,10:30
34,34,16,2025-01-30,14:50
35,35,21,2025-01-30,12:00
36,36,22,2025-01-31,09:00
37,37,18,2025-01-31,10:50
38,38,24,2025-02-01,15:10
39,39,25,2025-02-01,16:00
40,40,19,2025-02-02,11:45
41,41,23,2025-02-02,10:20
42,42,6,2025-02-03,12:30
43,43,4,2025-02-03,14:30
44,44,8,2025-02-04,11:00
45,45,9,2025-02-04,15:15
46,46,1,2025-02-05,10:00
47,47,3,2025-02-05,16:45
48,48,12,2025-02-06,09:30
49,49,14,2025-02-06,13:20
50,50,2,2025-02-07,10:10
51,5,24,2025-02-07,15:00
52,16,7,2025-02-08,12:00
53,21,10,2025-02-08,16:20
54,32,5,2025-02-09,09:50
55,44,18,2025-02-09,14:40
56,13,15,2025-02-10,11:00
57,8,19,2025-02-10,12:40
58,27,22,2025-02-11,10:15
59,40,17,2025-02-11,13:30
60,12,11,2025-02-12,15:45
